ID,Amino acid sequence
A0A2P0VN22,"MNQEVKNKIFSILKITFATALFIFVVITLYRELSGINFKDTLVEFSKINRMSLVLLFIGG
GASLVILSMYDVILSRALKMDISLGKVLRVSYIINALNAIVGFGGFIGAGVRAMVYKNYT
HDKKKLVHFISLILISMLTGLSLLSLLIVFHVFDASLILNKITWVRWVLYAVSLFLPLFI
IYSMVRPPDKNNRYVGLYCTLVSCVEWLAAAVVLYFCGVIVDVHVSFMSFIAIFIIAALS
GLVSFIPGGFGAFDLVVLLGFKTLGVPEEKVLLMLLLYRFAYYFVPVIIALILSSFEFGT
SAKKYIEGSKYFIPAKDVTSFLMSYQKDIIAKIPSLSLAILVFFTSMIFFVNNLTIVYDA
LYDGNHLTYYLLLAIHTSACLLLLLNVVGIYKQSRRAIIYAMISIILIIVATLFTYASYI
LITWLVIIFALLIVAFRRARRLKRPIRMRNLVAMLLFSIFILYINHIFIAGTFYALDVYT
IEMHTSVLKYYFWITILIIAIIVGAIAWLFDYQFSKVRISSNIEECEEIIDQYGGNYLSH
LIYSGDKQFFTNENKNAFLMYRYKASSLVVLGDPIGDENAFDELLEAFYNYAEYLGYDVI
FYQVTDQHMPLYHNFGNQFFKLGEEAIIDLTQFSTSGKKRRGFRATLNKFDELNISFEIV
EPPFSTEFINELQHVSDLWLDNRQEMHFSVGQFNEEYLSKAPIGVMRNENNEVIAFCSLMPTYFNDAISVDLIRWLPELDLPLMDGLYLHMLLWSKEQGYTKFNMGMATLSNVGQLHYSYLRERLAGRVFEHFNGLYRFQGLRRYKSKYNPNWEPRFLVYRKDNSLWESLSKVMRVIRHK"
A0A537EJD0,MFQEQNLPRSNERLTQVPRPSQRLTVKDATLLYKSIGTRDADHLFEWLHNLYTWICLPCVSLDYRIPLGEDKTKVAIFDVLADDLADNFATRSRFLLEEFVQIPWGRASDRSDPYLDLGKKLWKDAIESIQEYPRYKEFEKPFFFDLRQVLTAMDYSSLVNMVGMNNSIELDAYIPHGCMVMLALDMDLMCSPDFDIAELGRMRSVTYLAERVAHIGNMLVTYPRELVERDLSCPLLSLAVNKGIIKREDLGDPMVLPRLRILEPVFRRRASLYIDKIAKYEKQIHSVNISGFHSFLSQL
A0A5S9IQ85,MFPQTVLPPHLAKLDEELFDIERMDRKIDIALQESPSLLSCKRDRFFDIVPVGFNYVMLNCISPKWAEDLLMIKVKLKILFQIYYELADLSHSSQHSQTTCLLEELYKLPLQSKHLNFEKLSKEQAETLHFCTNLWHDVINFIPQLPYYHLFKKFFFFDIQQFYIANRYWQLIRKYPEMSNKVENRSFLSHHMGIVINGMIDFMGTTEGRFDELGAMRNVLYKAQIICRISRVMNTLERSIRSGDISNEVIAIAIEHMLLPTQIHKKTNDELQQIFAPVIQKIHLDVEKLYREITTSSITTFCVHEFARGLKALHHLFDGFYDNGEIHYIHWDDIDKIDVV
A0A450SFA8,MTKRPELVRLPVSADEITLGKSVLASFDVMDATETVAAIERKEIGPALAPFINRYEQVGERDAFLWKFAWESIDLFTLPCIDPNWREYLLITKMLGAILLVVFDDVADQDRNGEILESLISAVQQREPESKNGAGSQKLAFVGELWLAIRERRSHMPRHGEFGTLLDFDYTQLFNSFRYALLVNIAPSLSNRTEHNLYHPHSMHIMVSATLDLMCSPDFASEEHGILREAVWNAQMMGRLSNCVTTWHREIKERDYSGNVFSLALERGIIHSDELRGSNTMALERKLRASEIEYLLLATWARHREKIIELSTLVHSVDLIALVRGLEKLLGLHISCRGYI
A0A2H0W7N1,"MQTVLDKIRGGISKVEIENEIKEIQNEQFSATLAPFIERYKTVGKRKEIFVFEWCYRINQRWMVLDVLDSEKNRLRDIKTLLNMFVVLIDDISEEKNNGDLLAELLKLPSGNKPAHINLNQDDVEYLQLTSDVWDSISHQVKQFPLYKKYKDCFDFDVFQLINAVKFGKFITDNKYHMNQLEYWQYFPNSMQIIINADLDLMCTPSFEESDLSKYREMILVTQKMARIGNWLTTWKREVLSDDYSSIVLPYAIDQNIISYDDLDNPELVISKIDKSDARQHFLDEWQKLYDTSAEIGKQI
QSADYIKILNRFEYLLRMHLISDDLK"
A0A0E3NXY0,MVTVESDTFWKKYYLNFRDVASPLRTPALFEWLYDNYTYLHLSCVSPSIVSRLADLKTCMCIVDVAVDDSCDFASLIEKNGGEKFSYEMLSMLYNTDKVASGVYTSSYPGSCNNMYVKITFDIFSDLLGTHIISLPRYYDFRGEFFLAMRNVAKSMEFSYLLNKNRVIYPFSCVVQNRSASTMVAVHSILDLMSSENFDTSELGKAIAFFKMADVVAMLSNTVNTWKREIIERDYSSPVISLALEKKLIKFSDFEKINAENMEENLSPLSEIIEEELNKTISSMKEFAENCEIKSFDTSKFIGNYLKVRKHFEVRESYWINA
A0A5E4I9B1,"MKNNGNKLWENSYEKFQNVCSPLRNRSLFEWLSNAYQFLYLSSVDKQYIPTLVDLKTSLCIIDVAIDDACDNAEMIKKMGGEEFTYGILGLAYNIDKLMNDRHQRDFKISNEYGAEYYSVLHDIMENTISTLKTLPRFNEFKHEFIMAMRRVCHSMEFSYLINKGESVYPSSHIVENRSASTMVTVHSLLDLMASPTVNKKDIGKMIPLFHMADTVAMLGNTLNTWPREILEKDYSSPVLALALEKGLVGFDEFYNSKPEEIEKKLSPLSDIIEELIDAKLNEMRSHISNNNIQSFDAIK
YVENYLKIKEAFKNRERYWEKPCIA"
,
,
,
,
,
,
,
,
,
,
,
,
,
,
,
,
,
,
,
,
,
,
,
,
,
,
,
,
,
,
,
,
,
,
,
,
,
,
,
,
,
,
,
,
,
,
,
,
,
,
,
,
,
,
,
,
,
,
,
,
,
,
,
,
,
,
,
,
,
,
,
,
,
,
,
,
,
,
,
,
,
,
,
,
,
,
,
,
,
,
,
,
,
,
,
,
,
,
,
,
,
,
,
,
,
,
,
,
,
,
,
,
,
,
,
,
,
,
,
,
,
,
,
,
,
,
,
,
,
,
,
,
,
,
,
,
,
,
,
,
,
,
,
,
,
,
,
,
,
,
,
,
,
,
,
,
,
,
,
,
,
,
,
,
,
,
,
,
,
,
,
,
,
,
,
,
,
,
,
,
,
,
,
,
,
,
,
,
,
,
,
,
,
,
,
,
,
,
,
,
,
,
,
,
,
,
,
,
,
,
,
,
,
,
